,,,,,,,,
,,,,,,,,
"RE: Update Ocean rate  Validity 8th-17th,Aug   // Okay Logistics -- Seemann Group",,,,,,,,
manager@okaylogistics.cn,,,,,,,,
,,,,,,,,
POL,POD,O/F（USD）,,,,Carrier,FREE TIME,Expiry Date
,,20GP,40GP,40HQ,40NOR,,,
Shenzhen,San antonio,2300,2900,2900,2200,MSK,21days (NOR 14 days),"1st-7th,Sep"
Shanghai,San antonio,2300,2900,2900,2200,MSK,21days (NOR 14 days),"1st-7th,Sep"
Ningbo,San antonio,2300,2900,2900,2200,MSK,21days (NOR 14 days),"1st-7th,Sep"
Xiamen,San antonio,2300,2900,2900,2200,MSK,21days (NOR 14 days),"1st-7th,Sep"
Qingdao,San antonio,2300,2900,2900,2200,MSK,21days (NOR 14 days),"1st-7th,Sep"
Remark,Profit share USD50/CNT MBL fee USD 50 Cancel fee USD 100/TUE if happen,,,,,,,